{"cameraMode":{"drawMode":0,"name":"Shaded","section":"Shading Mode"},"sceneLighting":true,"audioPlay":false,"sceneViewState":{"showFog":true,"showMaterialUpdate":false,"showSkybox":true,"showFlares":true,"showImageEffects":true,"showParticleSystems":true},"in2DMode":false,"pivot":{"x":2.979158401489258,"y":-0.3909134268760681,"z":-4.235685348510742},"rotation":{"x":-0.040335893630981448,"y":-0.9510893821716309,"z":0.14112672209739686,"w":-0.27183544635772707},"size":10.0,"orthographic":false}