{"cameraMode":{"drawMode":0,"name":"Shaded","section":"Shading Mode"},"sceneLighting":true,"audioPlay":false,"sceneViewState":{"showFog":true,"showMaterialUpdate":false,"showSkybox":true,"showFlares":true,"showImageEffects":true,"showParticleSystems":true},"in2DMode":false,"pivot":{"x":-0.7887516021728516,"y":-1.2421057224273682,"z":-1.7252455949783326},"rotation":{"x":-0.002449300140142441,"y":0.9929434657096863,"z":-0.11701901257038117,"w":-0.020552579313516618},"size":10.449999809265137,"orthographic":false}