{"cameraMode":{"drawMode":0,"name":"Shaded","section":"Shading Mode"},"sceneLighting":true,"audioPlay":false,"sceneViewState":{"showFog":true,"showMaterialUpdate":false,"showSkybox":true,"showFlares":true,"showImageEffects":true,"showParticleSystems":true},"in2DMode":false,"pivot":{"x":5.8066792488098148,"y":3.4004738330841066,"z":-0.19456656277179719},"rotation":{"x":-0.20944032073020936,"y":0.6621417999267578,"z":-0.20070284605026246,"w":-0.6909664869308472},"size":10.449999809265137,"orthographic":false}