{"cameraMode":{"drawMode":0,"name":"Shaded","section":"Shading Mode"},"sceneLighting":true,"audioPlay":false,"sceneViewState":{"showFog":true,"showMaterialUpdate":true,"showSkybox":true,"showFlares":true,"showImageEffects":true,"showParticleSystems":true},"in2DMode":false,"pivot":{"x":-8.403448104858399,"y":14.424846649169922,"z":-11.968525886535645},"rotation":{"x":0.21715165674686433,"y":-0.030456969514489175,"z":0.006768279708921909,"w":0.9756518602371216},"size":3.457883596420288,"orthographic":false}