{"cameraMode":{"drawMode":0,"name":"Shaded","section":"Shading Mode"},"sceneLighting":true,"audioPlay":false,"sceneViewState":{"showFog":true,"showMaterialUpdate":false,"showSkybox":true,"showFlares":true,"showImageEffects":true,"showParticleSystems":true},"in2DMode":false,"pivot":{"x":-5.443196773529053,"y":14.249835968017579,"z":-44.88338088989258},"rotation":{"x":0.11981362849473953,"y":0.45355305075645449,"z":-0.06276674568653107,"w":0.881275475025177},"size":19.157672882080079,"orthographic":false}