{"cameraMode":{"drawMode":0,"name":"Shaded","section":"Shading Mode"},"sceneLighting":true,"audioPlay":false,"sceneViewState":{"showFog":true,"showMaterialUpdate":false,"showSkybox":true,"showFlares":true,"showImageEffects":true,"showParticleSystems":true},"in2DMode":false,"pivot":{"x":3.9029412269592287,"y":4.763089656829834,"z":-41.39591598510742},"rotation":{"x":0.1052754670381546,"y":0.699550449848175,"z":-0.10700120031833649,"w":0.699078381061554},"size":19.157672882080079,"orthographic":false}