{"cameraMode":{"drawMode":0,"name":"Shaded","section":"Shading Mode"},"sceneLighting":true,"audioPlay":false,"sceneViewState":{"showFog":true,"showMaterialUpdate":true,"showSkybox":true,"showFlares":true,"showImageEffects":true,"showParticleSystems":true},"in2DMode":false,"pivot":{"x":-56.00680923461914,"y":-299.8111267089844,"z":874.0210571289063},"rotation":{"x":0.165675088763237,"y":-0.027811603620648385,"z":0.004645180888473988,"w":0.9858222007751465},"size":983.1763305664063,"orthographic":false}