{"cameraMode":{"drawMode":0,"name":"Shaded","section":"Shading Mode"},"sceneLighting":true,"audioPlay":false,"sceneViewState":{"showFog":true,"showMaterialUpdate":false,"showSkybox":true,"showFlares":true,"showImageEffects":true,"showParticleSystems":true},"in2DMode":false,"pivot":{"x":15.755349159240723,"y":21.061559677124025,"z":-53.80514907836914},"rotation":{"x":0.15408222377300263,"y":-0.21008168160915376,"z":0.032820019870996478,"w":0.9653494358062744},"size":3.157883644104004,"orthographic":false}