{"cameraMode":{"drawMode":0,"name":"Shaded","section":"Shading Mode"},"sceneLighting":true,"audioPlay":false,"sceneViewState":{"showFog":true,"showMaterialUpdate":false,"showSkybox":true,"showFlares":true,"showImageEffects":true,"showParticleSystems":true},"in2DMode":false,"pivot":{"x":3.26889705657959,"y":0.1576073169708252,"z":-0.2992602586746216},"rotation":{"x":0.11097566038370133,"y":0.7335413694381714,"z":-0.12350741028785706,"w":0.6590816974639893},"size":10.0,"orthographic":false}