{"cameraMode":{"drawMode":0,"name":"Shaded","section":"Shading Mode"},"sceneLighting":true,"audioPlay":false,"sceneViewState":{"showFog":true,"showMaterialUpdate":false,"showSkybox":true,"showFlares":true,"showImageEffects":true,"showParticleSystems":true},"in2DMode":false,"pivot":{"x":0.4639895260334015,"y":21.40741729736328,"z":-51.69650650024414},"rotation":{"x":0.13229696452617646,"y":-0.004282304551452398,"z":-0.00045301305362954736,"w":0.9916179776191711},"size":3.157883644104004,"orthographic":false}