{"cameraMode":{"drawMode":0,"name":"Shaded","section":"Shading Mode"},"sceneLighting":true,"audioPlay":false,"sceneViewState":{"showFog":true,"showMaterialUpdate":false,"showSkybox":true,"showFlares":true,"showImageEffects":true,"showParticleSystems":true},"in2DMode":false,"pivot":{"x":0.025755688548088075,"y":15.092445373535157,"z":-46.78231430053711},"rotation":{"x":0.08753136545419693,"y":-0.02813144400715828,"z":0.0019225027645006776,"w":0.9961663484573364},"size":3.157883644104004,"orthographic":false}