{"cameraMode":{"drawMode":0,"name":"Shaded","section":"Shading Mode"},"sceneLighting":true,"audioPlay":false,"sceneViewState":{"showFog":true,"showMaterialUpdate":true,"showSkybox":true,"showFlares":true,"showImageEffects":true,"showParticleSystems":true},"in2DMode":false,"pivot":{"x":11.804330825805664,"y":-22.1989688873291,"z":195.95880126953126},"rotation":{"x":-0.0952584370970726,"y":-0.027583155781030656,"z":0.002246498130261898,"w":-0.9952653646469116},"size":283.4250183105469,"orthographic":false}