{"cameraMode":{"drawMode":0,"name":"Shaded","section":"Shading Mode"},"sceneLighting":true,"audioPlay":false,"sceneViewState":{"showFog":true,"showMaterialUpdate":false,"showSkybox":true,"showFlares":true,"showImageEffects":true,"showParticleSystems":true},"in2DMode":false,"pivot":{"x":-0.9928289651870728,"y":15.152803421020508,"z":-39.024749755859378},"rotation":{"x":0.06446609646081925,"y":0.14649640023708344,"z":0.010799581184983254,"w":-0.9874910712242127},"size":3.157883644104004,"orthographic":false}