{"cameraMode":{"drawMode":0,"name":"Shaded","section":"Shading Mode"},"sceneLighting":true,"audioPlay":false,"sceneViewState":{"showFog":true,"showMaterialUpdate":true,"showSkybox":true,"showFlares":true,"showImageEffects":true,"showParticleSystems":true},"in2DMode":false,"pivot":{"x":-8.662132263183594,"y":23.59259033203125,"z":-57.893402099609378},"rotation":{"x":-0.08159874379634857,"y":-0.13945521414279939,"z":0.011529195122420788,"w":-0.9868131875991821},"size":3.457883596420288,"orthographic":false}