{"cameraMode":{"drawMode":0,"name":"Shaded","section":"Shading Mode"},"sceneLighting":true,"audioPlay":false,"sceneViewState":{"showFog":true,"showMaterialUpdate":false,"showSkybox":true,"showFlares":true,"showImageEffects":true,"showParticleSystems":true},"in2DMode":false,"pivot":{"x":-0.5483304262161255,"y":0.3022148907184601,"z":2.6475491523742677},"rotation":{"x":-0.18471942842006684,"y":0.14301876723766328,"z":-0.027180708944797517,"w":-0.9719525575637817},"size":10.0,"orthographic":false}