{"cameraMode":{"drawMode":0,"name":"Shaded","section":"Shading Mode"},"sceneLighting":true,"audioPlay":false,"sceneViewState":{"showFog":true,"showMaterialUpdate":true,"showSkybox":true,"showFlares":true,"showImageEffects":true,"showParticleSystems":true},"in2DMode":false,"pivot":{"x":229.0099639892578,"y":-107.53606414794922,"z":-4.671756744384766},"rotation":{"x":-0.1875799000263214,"y":-0.6223560571670532,"z":0.15675583481788636,"w":-0.7438421249389648},"size":283.4250183105469,"orthographic":false}