{"cameraMode":{"drawMode":0,"name":"Shaded","section":"Shading Mode"},"sceneLighting":true,"audioPlay":false,"sceneViewState":{"showFog":true,"showMaterialUpdate":true,"showSkybox":true,"showFlares":true,"showImageEffects":true,"showParticleSystems":true},"in2DMode":false,"pivot":{"x":103.07129669189453,"y":-61.85573196411133,"z":198.600830078125},"rotation":{"x":0.1475563794374466,"y":0.19170452654361726,"z":-0.028898226097226144,"w":0.9700155854225159},"size":285.78839111328127,"orthographic":false}