{"cameraMode":{"drawMode":0,"name":"Shaded","section":"Shading Mode"},"sceneLighting":true,"audioPlay":false,"sceneViewState":{"showFog":true,"showMaterialUpdate":true,"showSkybox":true,"showFlares":true,"showImageEffects":true,"showParticleSystems":true},"in2DMode":false,"pivot":{"x":8.218189239501954,"y":-47.81952667236328,"z":189.9320068359375},"rotation":{"x":-0.14143703877925874,"y":-0.02150927670300007,"z":0.0026873694732785227,"w":-0.9899085760116577},"size":283.4250183105469,"orthographic":false}