{"cameraMode":{"drawMode":0,"name":"Shaded","section":"Shading Mode"},"sceneLighting":true,"audioPlay":false,"sceneViewState":{"showFog":true,"showMaterialUpdate":false,"showSkybox":true,"showFlares":true,"showImageEffects":true,"showParticleSystems":true},"in2DMode":false,"pivot":{"x":-1.727541446685791,"y":12.077539443969727,"z":-31.606897354125978},"rotation":{"x":-0.06808824837207794,"y":0.03109029121696949,"z":-0.0009451004443690181,"w":-0.9974091053009033},"size":19.157672882080079,"orthographic":false}