{"cameraMode":{"drawMode":0,"name":"Shaded","section":"Shading Mode"},"sceneLighting":true,"audioPlay":false,"sceneViewState":{"showFog":true,"showMaterialUpdate":true,"showSkybox":true,"showFlares":true,"showImageEffects":true,"showParticleSystems":true},"in2DMode":false,"pivot":{"x":-8.133438110351563,"y":15.4922456741333,"z":-11.092159271240235},"rotation":{"x":0.10469114780426026,"y":0.04683387652039528,"z":0.004944920539855957,"w":-0.9934036135673523},"size":3.457883596420288,"orthographic":false}