{"cameraMode":{"drawMode":0,"name":"Shaded","section":"Shading Mode"},"sceneLighting":true,"audioPlay":false,"sceneViewState":{"showFog":true,"showMaterialUpdate":false,"showSkybox":true,"showFlares":true,"showImageEffects":true,"showParticleSystems":true},"in2DMode":false,"pivot":{"x":2.52164888381958,"y":11.991898536682129,"z":-38.42778396606445},"rotation":{"x":0.09497196227312088,"y":-0.04350906237959862,"z":0.0029928144067525865,"w":0.9948409199714661},"size":19.157672882080079,"orthographic":false}