{"cameraMode":{"drawMode":0,"name":"Shaded","section":"Shading Mode"},"sceneLighting":true,"audioPlay":false,"sceneViewState":{"showFog":true,"showMaterialUpdate":true,"showSkybox":true,"showFlares":true,"showImageEffects":true,"showParticleSystems":true},"in2DMode":false,"pivot":{"x":-7.3005218505859379,"y":20.077539443969728,"z":-42.07160949707031},"rotation":{"x":-0.10423372685909271,"y":-0.10393981635570526,"z":0.011029615998268128,"w":-0.9891073107719421},"size":22.0,"orthographic":false}