{"cameraMode":{"drawMode":0,"name":"Shaded","section":"Shading Mode"},"sceneLighting":true,"audioPlay":false,"sceneViewState":{"showFog":true,"showMaterialUpdate":true,"showSkybox":true,"showFlares":true,"showImageEffects":true,"showParticleSystems":true},"in2DMode":false,"pivot":{"x":-3.773416042327881,"y":35.04145812988281,"z":-57.754127502441409},"rotation":{"x":-0.16949985921382905,"y":0.03488456457853317,"z":-0.005845270585268736,"w":-0.9849832653999329},"size":22.0,"orthographic":false}