{"cameraMode":{"drawMode":0,"name":"Shaded","section":"Shading Mode"},"sceneLighting":true,"audioPlay":false,"sceneViewState":{"showFog":true,"showMaterialUpdate":false,"showSkybox":true,"showFlares":true,"showImageEffects":true,"showParticleSystems":true},"in2DMode":false,"pivot":{"x":-0.11607179790735245,"y":1.2896547317504883,"z":2.0930635929107668},"rotation":{"x":0.17195872962474824,"y":-0.000856255239341408,"z":0.00013356957060750574,"w":0.9851507544517517},"size":10.344622611999512,"orthographic":false}