{"cameraMode":{"drawMode":0,"name":"Shaded","section":"Shading Mode"},"sceneLighting":true,"audioPlay":false,"sceneViewState":{"showFog":true,"showMaterialUpdate":false,"showSkybox":true,"showFlares":true,"showImageEffects":true,"showParticleSystems":true},"in2DMode":false,"pivot":{"x":0.2069457322359085,"y":1.4681485891342164,"z":-0.05521446093916893},"rotation":{"x":0.1630365252494812,"y":-0.02453276701271534,"z":0.004054930526763201,"w":0.9863594770431519},"size":10.810131072998047,"orthographic":false}