{"cameraMode":{"drawMode":0,"name":"Shaded","section":"Shading Mode"},"sceneLighting":true,"audioPlay":false,"sceneViewState":{"showFog":true,"showMaterialUpdate":false,"showSkybox":true,"showFlares":true,"showImageEffects":true,"showParticleSystems":true},"in2DMode":false,"pivot":{"x":-8.360631942749024,"y":12.94018268585205,"z":-6.574379920959473},"rotation":{"x":0.06797820329666138,"y":0.8903543949127197,"z":-0.14377343654632569,"w":0.4277481138706207},"size":3.157883644104004,"orthographic":false}