{"cameraMode":{"drawMode":0,"name":"Shaded","section":"Shading Mode"},"sceneLighting":true,"audioPlay":false,"sceneViewState":{"showFog":true,"showMaterialUpdate":true,"showSkybox":true,"showFlares":true,"showImageEffects":true,"showParticleSystems":true},"in2DMode":false,"pivot":{"x":-4.44049072265625,"y":21.242677688598634,"z":-45.460262298583987},"rotation":{"x":-0.16277869045734406,"y":-0.13248766958713532,"z":0.02206287533044815,"w":-0.9775556921958923},"size":22.0,"orthographic":false}