{"cameraMode":{"drawMode":0,"name":"Shaded","section":"Shading Mode"},"sceneLighting":true,"audioPlay":false,"sceneViewState":{"showFog":true,"showMaterialUpdate":true,"showSkybox":true,"showFlares":true,"showImageEffects":true,"showParticleSystems":true},"in2DMode":false,"pivot":{"x":109.88249969482422,"y":-107.4204330444336,"z":170.9337921142578},"rotation":{"x":0.23468752205371858,"y":0.22932663559913636,"z":-0.057061757892370227,"w":0.9430245161056519},"size":285.78839111328127,"orthographic":false}