{"cameraMode":{"drawMode":0,"name":"Shaded","section":"Shading Mode"},"sceneLighting":true,"audioPlay":false,"sceneViewState":{"showFog":true,"showMaterialUpdate":true,"showSkybox":true,"showFlares":true,"showImageEffects":true,"showParticleSystems":true},"in2DMode":false,"pivot":{"x":30.769329071044923,"y":-92.18280029296875,"z":850.2816162109375},"rotation":{"x":0.06444698572158814,"y":0.019761038944125177,"z":-0.0012811118504032493,"w":0.9977781176567078},"size":983.1763305664063,"orthographic":false}