{"cameraMode":{"drawMode":0,"name":"Shaded","section":"Shading Mode"},"sceneLighting":true,"audioPlay":false,"sceneViewState":{"showFog":true,"showMaterialUpdate":false,"showSkybox":true,"showFlares":true,"showImageEffects":true,"showParticleSystems":true},"in2DMode":false,"pivot":{"x":3.3172385692596437,"y":-1.353674292564392,"z":4.992508888244629},"rotation":{"x":-0.15187722444534303,"y":-0.31259721517562868,"z":0.05071942135691643,"w":-0.9363235831260681},"size":10.344622611999512,"orthographic":false}