{"cameraMode":{"drawMode":0,"name":"Shaded","section":"Shading Mode"},"sceneLighting":true,"audioPlay":false,"sceneViewState":{"showFog":true,"showMaterialUpdate":false,"showSkybox":true,"showFlares":true,"showImageEffects":true,"showParticleSystems":true},"in2DMode":false,"pivot":{"x":10.254485130310059,"y":8.48351001739502,"z":-38.18358612060547},"rotation":{"x":-0.1077350303530693,"y":-0.35752904415130618,"z":0.0427437387406826,"w":-0.9270060658454895},"size":19.157672882080079,"orthographic":false}