{"cameraMode":{"drawMode":0,"name":"Shaded","section":"Shading Mode"},"sceneLighting":true,"audioPlay":false,"sceneViewState":{"showFog":true,"showMaterialUpdate":true,"showSkybox":true,"showFlares":true,"showImageEffects":true,"showParticleSystems":true},"in2DMode":false,"pivot":{"x":99.77471160888672,"y":-2.9128668308258058,"z":196.2460479736328},"rotation":{"x":-0.04940449446439743,"y":-0.20156867802143098,"z":0.009961863979697228,"w":-0.9783762097358704},"size":283.4250183105469,"orthographic":false}