{"cameraMode":{"drawMode":0,"name":"Shaded","section":"Shading Mode"},"sceneLighting":true,"audioPlay":false,"sceneViewState":{"showFog":true,"showMaterialUpdate":true,"showSkybox":true,"showFlares":true,"showImageEffects":true,"showParticleSystems":true},"in2DMode":false,"pivot":{"x":-15.52033805847168,"y":-30.472328186035158,"z":877.8775634765625},"rotation":{"x":0.026998938992619516,"y":-0.004196056164801121,"z":0.00010858653695322573,"w":0.9996799230575562},"size":983.1763305664063,"orthographic":false}