{"cameraMode":{"drawMode":0,"name":"Shaded","section":"Shading Mode"},"sceneLighting":true,"audioPlay":false,"sceneViewState":{"showFog":true,"showMaterialUpdate":false,"showSkybox":true,"showFlares":true,"showImageEffects":true,"showParticleSystems":true},"in2DMode":false,"pivot":{"x":3.5904550552368166,"y":26.789684295654298,"z":-46.00397491455078},"rotation":{"x":0.07358381897211075,"y":0.12805569171905518,"z":0.010603724047541619,"w":-0.9894388914108276},"size":3.157883644104004,"orthographic":false}