{"cameraMode":{"drawMode":0,"name":"Shaded","section":"Shading Mode"},"sceneLighting":true,"audioPlay":false,"sceneViewState":{"showFog":true,"showMaterialUpdate":false,"showSkybox":true,"showFlares":true,"showImageEffects":true,"showParticleSystems":true},"in2DMode":false,"pivot":{"x":3.3748350143432619,"y":-0.11335301399230957,"z":5.30448055267334},"rotation":{"x":0.1401357650756836,"y":0.29434940218925478,"z":-0.04367942363023758,"w":0.944412112236023},"size":10.344622611999512,"orthographic":false}