{"cameraMode":{"drawMode":0,"name":"Shaded","section":"Shading Mode"},"sceneLighting":true,"audioPlay":false,"sceneViewState":{"showFog":true,"showMaterialUpdate":false,"showSkybox":true,"showFlares":true,"showImageEffects":true,"showParticleSystems":true},"in2DMode":false,"pivot":{"x":16.0927791595459,"y":10.26034164428711,"z":-40.199806213378909},"rotation":{"x":-0.06797466427087784,"y":-0.6491886973381043,"z":0.05978795140981674,"w":-0.755544126033783},"size":19.157672882080079,"orthographic":false}