{"cameraMode":{"drawMode":0,"name":"Shaded","section":"Shading Mode"},"sceneLighting":true,"audioPlay":false,"sceneViewState":{"showFog":true,"showMaterialUpdate":true,"showSkybox":true,"showFlares":true,"showImageEffects":true,"showParticleSystems":true},"in2DMode":false,"pivot":{"x":166.81552124023438,"y":-45.06999206542969,"z":124.31521606445313},"rotation":{"x":-0.1310739815235138,"y":-0.3961310088634491,"z":0.057036831974983218,"w":-0.9072083830833435},"size":283.4250183105469,"orthographic":false}