{"cameraMode":{"drawMode":0,"name":"Shaded","section":"Shading Mode"},"sceneLighting":true,"audioPlay":false,"sceneViewState":{"showFog":true,"showMaterialUpdate":true,"showSkybox":true,"showFlares":true,"showImageEffects":true,"showParticleSystems":true},"in2DMode":false,"pivot":{"x":-222.1179656982422,"y":-47.245723724365237,"z":-94.41360473632813},"rotation":{"x":-0.0834413468837738,"y":0.806940495967865,"z":-0.11788985878229141,"w":-0.5730406641960144},"size":283.4250183105469,"orthographic":false}