{"cameraMode":{"drawMode":0,"name":"Shaded","section":"Shading Mode"},"sceneLighting":true,"audioPlay":false,"sceneViewState":{"showFog":true,"showMaterialUpdate":true,"showSkybox":true,"showFlares":true,"showImageEffects":true,"showParticleSystems":true},"in2DMode":false,"pivot":{"x":67.32173156738281,"y":-48.05757141113281,"z":198.0960235595703},"rotation":{"x":-0.12974880635738374,"y":-0.13846904039382935,"z":0.018384480848908426,"w":-0.981758713722229},"size":285.78839111328127,"orthographic":false}