{"cameraMode":{"drawMode":0,"name":"Shaded","section":"Shading Mode"},"sceneLighting":true,"audioPlay":false,"sceneViewState":{"showFog":true,"showMaterialUpdate":true,"showSkybox":true,"showFlares":true,"showImageEffects":true,"showParticleSystems":true},"in2DMode":false,"pivot":{"x":124.90332794189453,"y":-33.282005310058597,"z":196.84597778320313},"rotation":{"x":0.09394825249910355,"y":0.24107080698013307,"z":-0.023210126906633378,"w":0.9658238291740418},"size":283.4250183105469,"orthographic":false}