{"cameraMode":{"drawMode":0,"name":"Shaded","section":"Shading Mode"},"sceneLighting":false,"audioPlay":false,"sceneViewState":{"showFog":true,"showMaterialUpdate":false,"showSkybox":true,"showFlares":true,"showImageEffects":true,"showParticleSystems":true},"in2DMode":false,"pivot":{"x":-1.6509218215942383,"y":-1.4442906379699708,"z":3.1180148124694826},"rotation":{"x":-0.20598235726356507,"y":0.3631165027618408,"z":-0.08265383541584015,"w":-0.9049264192581177},"size":10.0,"orthographic":false}