{"cameraMode":{"drawMode":0,"name":"Shaded","section":"Shading Mode"},"sceneLighting":true,"audioPlay":false,"sceneViewState":{"showFog":true,"showMaterialUpdate":true,"showSkybox":true,"showFlares":true,"showImageEffects":true,"showParticleSystems":true},"in2DMode":false,"pivot":{"x":220.3533935546875,"y":-39.6727180480957,"z":92.75524139404297},"rotation":{"x":-0.10316723585128784,"y":-0.4789716899394989,"z":0.05657099559903145,"w":-0.8701314330101013},"size":283.4250183105469,"orthographic":false}