{"cameraMode":{"drawMode":0,"name":"Shaded","section":"Shading Mode"},"sceneLighting":true,"audioPlay":false,"sceneViewState":{"showFog":true,"showMaterialUpdate":true,"showSkybox":true,"showFlares":true,"showImageEffects":true,"showParticleSystems":true},"in2DMode":false,"pivot":{"x":-191.95106506347657,"y":-131.3440399169922,"z":83.67646789550781},"rotation":{"x":-0.2585054039955139,"y":0.5468601584434509,"z":-0.18250371515750886,"w":-0.7753585577011108},"size":283.4250183105469,"orthographic":false}