{"cameraMode":{"drawMode":0,"name":"Shaded","section":"Shading Mode"},"sceneLighting":true,"audioPlay":false,"sceneViewState":{"showFog":true,"showMaterialUpdate":true,"showSkybox":true,"showFlares":true,"showImageEffects":true,"showParticleSystems":true},"in2DMode":false,"pivot":{"x":-2.495650291442871,"y":19.16472816467285,"z":-34.72410202026367},"rotation":{"x":-0.009000807069242,"y":-0.013207444921135903,"z":0.0001821452606236562,"w":-0.9999326467514038},"size":22.0,"orthographic":false}