{"cameraMode":{"drawMode":0,"name":"Shaded","section":"Shading Mode"},"sceneLighting":true,"audioPlay":false,"sceneViewState":{"showFog":true,"showMaterialUpdate":true,"showSkybox":true,"showFlares":true,"showImageEffects":true,"showParticleSystems":true},"in2DMode":false,"pivot":{"x":40.82870864868164,"y":-169.21682739257813,"z":122.28695678710938},"rotation":{"x":-0.42964547872543337,"y":-0.11379998177289963,"z":0.05478803813457489,"w":-0.89423006772995},"size":285.78839111328127,"orthographic":false}