{"cameraMode":{"drawMode":0,"name":"Shaded","section":"Shading Mode"},"sceneLighting":true,"audioPlay":false,"sceneViewState":{"showFog":true,"showMaterialUpdate":true,"showSkybox":true,"showFlares":true,"showImageEffects":true,"showParticleSystems":true},"in2DMode":false,"pivot":{"x":-34.080074310302737,"y":-21.363544464111329,"z":194.87869262695313},"rotation":{"x":-0.09362884610891342,"y":0.054535552859306338,"z":-0.005518424324691296,"w":-0.9942945837974548},"size":283.4250183105469,"orthographic":false}