{"cameraMode":{"drawMode":0,"name":"Shaded","section":"Shading Mode"},"sceneLighting":true,"audioPlay":false,"sceneViewState":{"showFog":true,"showMaterialUpdate":false,"showSkybox":true,"showFlares":true,"showImageEffects":true,"showParticleSystems":true},"in2DMode":false,"pivot":{"x":5.527904033660889,"y":0.2993716597557068,"z":2.765962600708008},"rotation":{"x":-0.1726679801940918,"y":0.5565489530563355,"z":-0.1189422607421875,"w":-0.8040388226509094},"size":10.810131072998047,"orthographic":false}