{"cameraMode":{"drawMode":0,"name":"Shaded","section":"Shading Mode"},"sceneLighting":true,"audioPlay":false,"sceneViewState":{"showFog":true,"showMaterialUpdate":false,"showSkybox":true,"showFlares":true,"showImageEffects":true,"showParticleSystems":true},"in2DMode":false,"pivot":{"x":-2.275644302368164,"y":14.036450386047364,"z":-34.9603157043457},"rotation":{"x":-0.0981089174747467,"y":-0.1549551784992218,"z":0.016507023945450784,"w":-0.9831491112709045},"size":19.157672882080079,"orthographic":false}