{"cameraMode":{"drawMode":0,"name":"Shaded","section":"Shading Mode"},"sceneLighting":true,"audioPlay":false,"sceneViewState":{"showFog":true,"showMaterialUpdate":false,"showSkybox":true,"showFlares":true,"showImageEffects":true,"showParticleSystems":true},"in2DMode":false,"pivot":{"x":3.0890321731567385,"y":-0.19564580917358399,"z":1.878286600112915},"rotation":{"x":-0.15226027369499207,"y":-0.4714984595775604,"z":0.08304153382778168,"w":-0.8646740913391113},"size":10.344622611999512,"orthographic":false}