{"cameraMode":{"drawMode":0,"name":"Shaded","section":"Shading Mode"},"sceneLighting":true,"audioPlay":false,"sceneViewState":{"showFog":true,"showMaterialUpdate":true,"showSkybox":true,"showFlares":true,"showImageEffects":true,"showParticleSystems":true},"in2DMode":false,"pivot":{"x":-5.483015060424805,"y":21.769119262695314,"z":-45.02404022216797},"rotation":{"x":0.15093356370925904,"y":0.10655923932790756,"z":-0.016494885087013246,"w":0.9827263355255127},"size":22.0,"orthographic":false}