{"cameraMode":{"drawMode":0,"name":"Shaded","section":"Shading Mode"},"sceneLighting":true,"audioPlay":false,"sceneViewState":{"showFog":true,"showMaterialUpdate":false,"showSkybox":true,"showFlares":true,"showImageEffects":true,"showParticleSystems":true},"in2DMode":false,"pivot":{"x":-94.15858459472656,"y":-179.41001892089845,"z":629.2911376953125},"rotation":{"x":-0.130351722240448,"y":0.17802761495113374,"z":-0.023820975795388223,"w":-0.9750929474830627},"size":884.3944091796875,"orthographic":false}