{"cameraMode":{"drawMode":2,"name":"Shaded Wireframe","section":"Shading Mode"},"sceneLighting":true,"audioPlay":false,"sceneViewState":{"showFog":true,"showMaterialUpdate":false,"showSkybox":true,"showFlares":true,"showImageEffects":true,"showParticleSystems":true},"in2DMode":false,"pivot":{"x":-418.47332763671877,"y":-251.574951171875,"z":432.6418151855469},"rotation":{"x":-0.21440455317497254,"y":0.37836238741874697,"z":-0.09057360887527466,"w":-0.8959527611732483},"size":882.603515625,"orthographic":false}