{"cameraMode":{"drawMode":0,"name":"Shaded","section":"Shading Mode"},"sceneLighting":true,"audioPlay":false,"sceneViewState":{"showFog":true,"showMaterialUpdate":false,"showSkybox":true,"showFlares":true,"showImageEffects":true,"showParticleSystems":true},"in2DMode":false,"pivot":{"x":27.724910736083986,"y":681.3734130859375,"z":40.09065246582031},"rotation":{"x":0.0012578335590660573,"y":0.7155550718307495,"z":-0.6985833644866943,"w":0.0012796716764569283},"size":884.3944091796875,"orthographic":false}