{"cameraMode":{"drawMode":0,"name":"Shaded","section":"Shading Mode"},"sceneLighting":true,"audioPlay":false,"sceneViewState":{"showFog":true,"showMaterialUpdate":false,"showSkybox":true,"showFlares":true,"showImageEffects":true,"showParticleSystems":true},"in2DMode":false,"pivot":{"x":14.03994369506836,"y":-2.6675305366516115,"z":3.1617026329040529},"rotation":{"x":0.0978759154677391,"y":0.5755513310432434,"z":-0.06948065757751465,"w":0.8090075254440308},"size":18.519447326660158,"orthographic":false}