{"cameraMode":{"drawMode":0,"name":"Shaded","section":"Shading Mode"},"sceneLighting":false,"audioPlay":false,"sceneViewState":{"showFog":true,"showMaterialUpdate":false,"showSkybox":true,"showFlares":true,"showImageEffects":true,"showParticleSystems":true},"in2DMode":false,"pivot":{"x":5.870100498199463,"y":1.1685855388641358,"z":1.2110377550125123},"rotation":{"x":-0.11069878190755844,"y":-0.6317678689956665,"z":0.09180335700511933,"w":-0.7617271542549133},"size":10.0,"orthographic":false}