{"cameraMode":{"drawMode":0,"name":"Shaded","section":"Shading Mode"},"sceneLighting":false,"audioPlay":false,"sceneViewState":{"showFog":true,"showMaterialUpdate":false,"showSkybox":true,"showFlares":true,"showImageEffects":true,"showParticleSystems":true},"in2DMode":false,"pivot":{"x":6.802735328674316,"y":-1.1597591638565064,"z":11.220808029174805},"rotation":{"x":0.09208852052688599,"y":0.28734928369522097,"z":-0.027711424976587297,"w":0.9530492424964905},"size":18.519447326660158,"orthographic":false}