{"cameraMode":{"drawMode":0,"name":"Shaded","section":"Shading Mode"},"sceneLighting":false,"audioPlay":false,"sceneViewState":{"showFog":true,"showMaterialUpdate":false,"showSkybox":true,"showFlares":true,"showImageEffects":true,"showParticleSystems":true},"in2DMode":false,"pivot":{"x":1.8343149423599244,"y":0.4087586998939514,"z":2.445709228515625},"rotation":{"x":-0.19030709564685822,"y":-0.37287524342536929,"z":0.07842348515987396,"w":-0.9047865867614746},"size":10.0,"orthographic":false}