{"cameraMode":{"drawMode":0,"name":"Shaded","section":"Shading Mode"},"sceneLighting":false,"audioPlay":false,"sceneViewState":{"showFog":true,"showMaterialUpdate":false,"showSkybox":true,"showFlares":true,"showImageEffects":true,"showParticleSystems":true},"in2DMode":false,"pivot":{"x":10.625787734985352,"y":-3.9861245155334474,"z":5.195413112640381},"rotation":{"x":0.16963136196136475,"y":0.48802292346954348,"z":-0.09729472547769547,"w":0.8507077693939209},"size":18.519447326660158,"orthographic":false}