{"cameraMode":{"drawMode":0,"name":"Shaded","section":"Shading Mode"},"sceneLighting":false,"audioPlay":false,"sceneViewState":{"showFog":true,"showMaterialUpdate":false,"showSkybox":true,"showFlares":true,"showImageEffects":true,"showParticleSystems":true},"in2DMode":false,"pivot":{"x":12.7111177444458,"y":-2.9553415775299074,"z":6.500197887420654},"rotation":{"x":0.1501867175102234,"y":0.4926450252532959,"z":-0.08674483001232147,"w":0.8528329133987427},"size":18.519447326660158,"orthographic":false}