{"cameraMode":{"drawMode":0,"name":"Shaded","section":"Shading Mode"},"sceneLighting":false,"audioPlay":false,"sceneViewState":{"showFog":true,"showMaterialUpdate":false,"showSkybox":true,"showFlares":true,"showImageEffects":true,"showParticleSystems":true},"in2DMode":false,"pivot":{"x":4.2248005867004398,"y":-4.890604496002197,"z":11.557184219360352},"rotation":{"x":0.22908511757850648,"y":0.15866561233997346,"z":-0.037824127823114398,"w":0.9597069621086121},"size":18.519447326660158,"orthographic":false}