{"cameraMode":{"drawMode":0,"name":"Shaded","section":"Shading Mode"},"sceneLighting":true,"audioPlay":false,"sceneViewState":{"showFog":true,"showMaterialUpdate":false,"showSkybox":true,"showFlares":true,"showImageEffects":true,"showParticleSystems":true},"in2DMode":false,"pivot":{"x":3.3245832920074465,"y":-0.5729328393936157,"z":3.719412088394165},"rotation":{"x":-0.16742826998233796,"y":-0.35328203439712527,"z":0.0643005222082138,"w":-0.9182637929916382},"size":18.519447326660158,"orthographic":false}