{"cameraMode":{"drawMode":0,"name":"Shaded","section":"Shading Mode"},"sceneLighting":false,"audioPlay":false,"sceneViewState":{"showFog":true,"showMaterialUpdate":false,"showSkybox":true,"showFlares":true,"showImageEffects":true,"showParticleSystems":true},"in2DMode":false,"pivot":{"x":6.546018600463867,"y":-1.9262583255767823,"z":5.831273555755615},"rotation":{"x":0.15014611184597016,"y":0.40386152267456057,"z":-0.06736373156309128,"w":0.8999466300010681},"size":18.519447326660158,"orthographic":false}