{"cameraMode":{"drawMode":0,"name":"Shaded","section":"Shading Mode"},"sceneLighting":true,"audioPlay":false,"sceneViewState":{"showFog":true,"showMaterialUpdate":false,"showSkybox":true,"showFlares":true,"showImageEffects":true,"showParticleSystems":true},"in2DMode":false,"pivot":{"x":14.08953857421875,"y":-5.167238235473633,"z":3.220921039581299},"rotation":{"x":0.14853860437870027,"y":0.6182897686958313,"z":-0.12029871344566345,"w":0.762456476688385},"size":18.519447326660158,"orthographic":false}