{"cameraMode":{"drawMode":0,"name":"Shaded","section":"Shading Mode"},"sceneLighting":false,"audioPlay":false,"sceneViewState":{"showFog":true,"showMaterialUpdate":false,"showSkybox":true,"showFlares":true,"showImageEffects":true,"showParticleSystems":true},"in2DMode":false,"pivot":{"x":9.54687213897705,"y":-1.6767576932907105,"z":5.25502872467041},"rotation":{"x":0.14537857472896577,"y":0.4765371084213257,"z":-0.08022759854793549,"w":0.8633908629417419},"size":18.519447326660158,"orthographic":false}