{"cameraMode":{"drawMode":0,"name":"Shaded","section":"Shading Mode"},"sceneLighting":false,"audioPlay":false,"sceneViewState":{"showFog":true,"showMaterialUpdate":false,"showSkybox":true,"showFlares":true,"showImageEffects":true,"showParticleSystems":true},"in2DMode":false,"pivot":{"x":-3.9144325256347658,"y":-0.41425561904907229,"z":2.9939067363739015},"rotation":{"x":-0.14362755417823792,"y":0.4522918462753296,"z":-0.07406213134527207,"w":-0.8771123886108398},"size":10.0,"orthographic":false}