{"cameraMode":{"drawMode":0,"name":"Shaded","section":"Shading Mode"},"sceneLighting":false,"audioPlay":false,"sceneViewState":{"showFog":true,"showMaterialUpdate":false,"showSkybox":true,"showFlares":true,"showImageEffects":true,"showParticleSystems":true},"in2DMode":false,"pivot":{"x":5.7281270027160648,"y":-3.50484299659729,"z":2.283989429473877},"rotation":{"x":0.3719329535961151,"y":0.4603354334831238,"z":-0.2208530306816101,"w":0.7752909660339356},"size":18.519447326660158,"orthographic":false}