{"cameraMode":{"drawMode":0,"name":"Shaded","section":"Shading Mode"},"sceneLighting":false,"audioPlay":false,"sceneViewState":{"showFog":true,"showMaterialUpdate":false,"showSkybox":true,"showFlares":true,"showImageEffects":true,"showParticleSystems":true},"in2DMode":false,"pivot":{"x":11.172492027282715,"y":-2.254401922225952,"z":3.910449743270874},"rotation":{"x":0.14630375802516938,"y":0.569108247756958,"z":-0.1037299856543541,"w":0.802536129951477},"size":18.519447326660158,"orthographic":false}