{"cameraMode":{"drawMode":0,"name":"Shaded","section":"Shading Mode"},"sceneLighting":false,"audioPlay":false,"sceneViewState":{"showFog":true,"showMaterialUpdate":false,"showSkybox":true,"showFlares":true,"showImageEffects":true,"showParticleSystems":true},"in2DMode":false,"pivot":{"x":1.1296485662460328,"y":1.8785679340362549,"z":0.5716753602027893},"rotation":{"x":-0.21492864191532136,"y":-0.3812515139579773,"z":0.09160593152046204,"w":-0.8944889307022095},"size":10.0,"orthographic":false}