{"cameraMode":{"drawMode":0,"name":"Shaded","section":"Shading Mode"},"sceneLighting":false,"audioPlay":false,"sceneViewState":{"showFog":true,"showMaterialUpdate":false,"showSkybox":true,"showFlares":true,"showImageEffects":true,"showParticleSystems":true},"in2DMode":false,"pivot":{"x":3.6489906311035158,"y":-1.0516161918640137,"z":2.881211519241333},"rotation":{"x":-0.16226066648960114,"y":-0.4740711748600006,"z":0.08935551345348358,"w":-0.8608023524284363},"size":10.0,"orthographic":false}