{"cameraMode":{"drawMode":0,"name":"Shaded","section":"Shading Mode"},"sceneLighting":false,"audioPlay":false,"sceneViewState":{"showFog":true,"showMaterialUpdate":false,"showSkybox":true,"showFlares":true,"showImageEffects":true,"showParticleSystems":true},"in2DMode":false,"pivot":{"x":9.777161598205567,"y":-2.787451982498169,"z":-1.2860974073410035},"rotation":{"x":0.15090925991535188,"y":0.7031330466270447,"z":-0.15671855211257935,"w":0.6770135760307312},"size":18.519447326660158,"orthographic":false}