{"cameraMode":{"drawMode":0,"name":"Shaded","section":"Shading Mode"},"sceneLighting":false,"audioPlay":false,"sceneViewState":{"showFog":true,"showMaterialUpdate":false,"showSkybox":true,"showFlares":true,"showImageEffects":true,"showParticleSystems":true},"in2DMode":false,"pivot":{"x":0.9217444658279419,"y":1.116553544998169,"z":-0.9060052633285523},"rotation":{"x":-0.21003744006156922,"y":-0.43664830923080447,"z":0.10560788959264755,"w":-0.8683915734291077},"size":10.0,"orthographic":false}