{"cameraMode":{"drawMode":0,"name":"Shaded","section":"Shading Mode"},"sceneLighting":false,"audioPlay":false,"sceneViewState":{"showFog":true,"showMaterialUpdate":false,"showSkybox":true,"showFlares":true,"showImageEffects":true,"showParticleSystems":true},"in2DMode":false,"pivot":{"x":-8.801993370056153,"y":3.613128423690796,"z":13.592835426330567},"rotation":{"x":-0.08642835915088654,"y":-0.7817833423614502,"z":0.11120745539665222,"w":-0.6074659824371338},"size":11.388553619384766,"orthographic":false}