{"cameraMode":{"drawMode":0,"name":"Shaded","section":"Shading Mode"},"sceneLighting":false,"audioPlay":false,"sceneViewState":{"showFog":true,"showMaterialUpdate":false,"showSkybox":true,"showFlares":true,"showImageEffects":true,"showParticleSystems":true},"in2DMode":false,"pivot":{"x":-9.042069435119629,"y":2.421142578125,"z":14.46735668182373},"rotation":{"x":-0.12569521367549897,"y":-0.7513061761856079,"z":0.1497970074415207,"w":-0.6303473114967346},"size":11.388553619384766,"orthographic":false}