{"cameraMode":{"drawMode":0,"name":"Shaded","section":"Shading Mode"},"sceneLighting":false,"audioPlay":false,"sceneViewState":{"showFog":true,"showMaterialUpdate":false,"showSkybox":true,"showFlares":true,"showImageEffects":true,"showParticleSystems":true},"in2DMode":false,"pivot":{"x":3.918182849884033,"y":-1.2946770191192628,"z":-6.280126571655273},"rotation":{"x":-0.029635267332196237,"y":-0.961463451385498,"z":0.11476921290159226,"w":-0.24814046919345857},"size":11.388553619384766,"orthographic":false}