{"cameraMode":{"drawMode":0,"name":"Shaded","section":"Shading Mode"},"sceneLighting":false,"audioPlay":false,"sceneViewState":{"showFog":true,"showMaterialUpdate":false,"showSkybox":true,"showFlares":true,"showImageEffects":true,"showParticleSystems":true},"in2DMode":false,"pivot":{"x":-3.6377670764923097,"y":-0.8650481104850769,"z":1.0958144664764405},"rotation":{"x":-0.10256054997444153,"y":0.6785292625427246,"z":-0.09652545303106308,"w":-0.7209463715553284},"size":10.0,"orthographic":false}