{"cameraMode":{"drawMode":0,"name":"Shaded","section":"Shading Mode"},"sceneLighting":true,"audioPlay":false,"sceneViewState":{"showFog":true,"showMaterialUpdate":false,"showSkybox":true,"showFlares":true,"showImageEffects":true,"showParticleSystems":true},"in2DMode":false,"pivot":{"x":-6.540164470672607,"y":1.9824894666671754,"z":4.571094512939453},"rotation":{"x":-0.07177183777093888,"y":-0.2292039692401886,"z":0.016936447471380235,"w":-0.9705891013145447},"size":10.0,"orthographic":false}